City_ID,City,Lat,Lng,Max Temp,Humidity,Cloudiness,Wind Speed,Country,Date
0,moyynkum,44.2914,72.9469,15.96,81,87,14.56,KZ,1738728157
1,atafu village,-8.5421,-172.5159,83.44,70,15,12.53,TK,1738728157
2,port-aux-francais,-49.35,70.2167,42.33,97,96,24.67,TF,1738728157
3,grytviken,-54.2811,-36.5092,36.63,88,69,18.12,GS,1738728157
4,port elizabeth,-33.918,25.5701,71.31,99,94,11.99,ZA,1738727976
5,bilibino,68.0546,166.4372,-44.46,94,26,3.6,RU,1738728158
6,adamstown,-25.066,-130.1015,77.54,77,13,10.6,PN,1738728087
7,klyuchi,52.2667,79.1667,14.59,94,83,9.69,RU,1738728158
8,opuwo,-18.0607,13.84,68.77,81,100,6.26,NA,1738728158
9,iqaluit,63.7506,-68.5145,-25.87,68,20,2.3,CA,1738728158
10,waitangi,-43.9535,-176.5597,56.82,82,54,5.99,NZ,1738728158
11,nar'yan-mar,67.6713,53.087,16.45,95,100,12.17,RU,1738728158
12,bethel,41.3712,-73.414,27.55,61,31,6.04,US,1738728158
13,ribeira grande,38.5167,-28.7,64.78,95,99,15.01,PT,1738728158
14,constantia,44.1833,28.65,32.7,71,4,12.3,RO,1738728004
15,west island,-12.1568,96.8225,85.98,84,93,8.05,CC,1738728158
16,coahuayana de hidalgo,18.7,-103.6583,71.29,94,0,3.49,MX,1738728158
17,papatowai,-46.5619,169.4708,66.2,56,100,4.12,NZ,1738728159
18,beau vallon,-20.4189,57.6953,82.63,89,40,5.75,MU,1738728159
19,cidreira,-30.1811,-50.2056,76.71,95,1,9.4,BR,1738728159
20,funtua,11.5233,7.3081,62.22,13,8,9.84,NG,1738728159
21,gadzhiyevo,69.2551,33.3362,2.7,93,100,19.6,RU,1738728159
22,sitka,57.0531,-135.33,27.19,68,4,4.63,US,1738728159
23,valparaiso,-33.0393,-71.6273,69.44,42,0,3.44,CL,1738728005
24,saint-pierre,-21.3393,55.4781,83.88,65,0,2.3,RE,1738728159
25,bredasdorp,-34.5322,20.0403,63.3,81,37,7.4,ZA,1738728159
26,iskateley,67.6803,53.1512,16.43,94,100,12.21,RU,1738728159
27,carnarvon,-24.8667,113.6333,83.23,68,10,9.44,AU,1738728159
28,olonkinbyen,70.9221,-8.7187,29.19,76,66,20.83,SJ,1738728160
29,isafjordur,66.0755,-23.124,23.74,60,77,16.35,IS,1738728160
30,port mathurin,-19.6833,63.4167,80.89,79,7,10.49,MU,1738728160
31,ushuaia,-54.8,-68.3,46.06,87,20,2.3,AR,1738728006
32,stanley,54.868,-1.6985,34.52,90,4,11.18,GB,1738728160
33,malango,-2.9627,119.9001,87.89,41,75,6.38,ID,1738728160
34,puerto ayora,-0.7393,-90.3518,76.55,97,4,5.19,EC,1738728160
35,puerto natales,-51.7236,-72.4875,41.67,94,80,4.38,CL,1738728160
36,mangrol,21.1167,70.1167,67.48,58,1,13.44,IN,1738728161
37,chonchi,-42.6128,-73.8092,52.12,80,1,1.77,CL,1738728062
38,ilulissat,69.2167,-51.1,-3.98,65,100,9.22,GL,1738728161
39,santa terezinha,-29.9002,-50.0904,76.32,94,4,9.35,BR,1738728161
40,wailua homesteads,22.0669,-159.378,70.59,70,0,12.66,US,1738728161
41,haiku-pauwela,20.9219,-156.3051,72.21,79,43,14.0,US,1738728161
42,lakatoro,-16.0999,167.4164,83.07,75,96,6.71,VU,1738728161
43,juegang,32.3174,121.1855,46.98,38,86,15.03,CN,1738728161
44,kavieng,-2.5744,150.7967,84.97,65,81,8.1,PG,1738728161
45,vadso,70.0744,29.7487,12.36,85,100,23.02,NO,1738728161
46,albany,42.6001,-73.9662,19.81,74,11,9.93,US,1738728161
47,nenjiang,49.1833,125.2167,-8.72,92,90,5.82,CN,1738728162
48,hawaiian paradise park,19.5933,-154.9731,71.87,87,23,4.0,US,1738728162
49,yemva,62.59,50.8594,22.84,97,100,4.18,RU,1738728162
50,longyearbyen,78.2186,15.6401,26.44,80,40,27.63,SJ,1738728162
51,la passe,45.5549,-0.8967,42.93,77,66,4.36,FR,1738728162
52,tazovsky,67.4667,78.7,-12.32,100,100,5.53,RU,1738728005
53,bac lieu,9.285,105.7244,84.25,55,26,9.24,VN,1738728079
54,mitu,1.1983,-70.1733,74.82,78,86,1.66,CO,1738728162
55,colonia,50.9333,6.95,34.45,86,100,4.61,DE,1738728006
56,blackmans bay,-43.0167,147.3167,68.52,46,4,9.24,AU,1738728163
57,abadeh,31.1608,52.6506,36.27,28,0,6.91,IR,1738728163
58,emerald,-23.5333,148.1667,72.28,91,100,8.79,AU,1738728163
59,yorkton,51.2167,-102.4677,-7.76,77,100,4.61,CA,1738728008
60,nema,57.5067,50.5011,18.32,95,96,7.18,RU,1738728163
61,magong,23.5654,119.5863,60.58,65,95,22.46,TW,1738728163
62,alvorada,-12.48,-49.1247,73.27,91,100,1.57,BR,1738728163
63,port augusta,-32.5,137.7667,91.22,27,0,15.66,AU,1738728163
64,wulingyuan,29.3494,110.5441,43.05,77,100,6.85,CN,1738728163
65,margaret river,-33.95,115.0667,82.87,46,24,14.63,AU,1738728163
66,mazagao,-0.115,-51.2894,74.64,95,93,2.08,BR,1738728117
67,naze,28.3667,129.4833,50.92,52,100,17.92,JP,1738728164
68,praia da vitoria,38.7333,-27.0667,62.85,94,75,17.74,PT,1738728164
69,edinburgh of the seven seas,-37.0676,-12.3116,61.99,72,58,16.91,SH,1738728164
70,port alfred,-33.5906,26.891,72.18,94,99,5.99,ZA,1738728164
71,laayoune,27.1622,-13.2032,53.94,82,40,6.91,EH,1738727950
72,talnakh,69.4865,88.3972,-14.78,92,75,7.85,RU,1738728164
73,amahai,-3.3333,128.9167,86.9,62,100,5.48,ID,1738728164
74,cranbrook,49.4999,-115.7688,6.64,61,100,0.0,CA,1738728116
75,alice springs,-23.7,133.8833,98.15,20,21,20.71,AU,1738728164
76,nizhnyaya poyma,56.1622,97.1933,4.6,92,100,10.49,RU,1738728164
77,narvik,68.4384,17.4272,25.81,94,100,12.73,NO,1738728164
78,la ronge,55.1001,-105.2842,-10.98,77,0,3.44,CA,1738728164
79,lihue,21.9789,-159.3672,71.19,60,0,12.66,US,1738728165
80,brookings,44.3114,-96.7984,6.06,73,0,10.36,US,1738728165
81,yellowknife,62.456,-114.3525,11.41,93,100,6.91,CA,1738728165
82,aguilares,-27.4338,-65.6143,84.38,35,79,4.18,AR,1738728165
83,masterton,-40.9597,175.6575,77.34,22,9,7.92,NZ,1738728165
84,ambad,19.6167,75.8,75.76,27,10,7.4,IN,1738728165
85,holualoa,19.6228,-155.9522,72.18,69,17,3.6,US,1738728165
86,laojunmiao,39.8333,97.7333,12.49,59,100,3.06,CN,1738728165
87,alofi,-19.0595,-169.9187,76.89,94,75,9.22,NU,1738728165
88,lisieux,49.1667,0.1667,43.16,97,98,3.51,FR,1738728165
89,elliot lake,46.3834,-82.6331,-10.28,99,60,3.78,CA,1738728165
90,tiksi,71.6872,128.8694,-15.21,86,100,6.42,RU,1738728165
91,didouche mourad,36.4525,6.6364,46.62,93,75,2.3,DZ,1738728166
92,buta,2.7858,24.73,72.27,46,100,1.54,CD,1738728166
93,kuyeda,56.4311,55.5886,17.02,91,100,6.58,RU,1738728166
94,college,64.8569,-147.8028,10.45,75,100,0.0,US,1738728166
95,necochea,-38.5473,-58.7368,61.88,58,42,12.19,AR,1738727983
96,flying fish cove,-10.4217,105.6791,78.48,100,100,13.8,CX,1738728166
97,port lincoln,-34.7333,135.8667,70.83,53,4,15.01,AU,1738728166
98,hami,42.8,93.45,21.99,40,0,0.81,CN,1738728166
99,sittwe,20.15,92.9,73.92,37,2,3.31,MM,1738728166
100,labrador city,52.9463,-66.9114,-11.29,70,100,16.11,CA,1738728166
101,hamilton,39.1834,-84.5333,36.41,69,100,5.01,US,1738728025
102,bei'an,46.4398,126.2373,-3.57,85,87,5.97,CN,1738728167
103,acajutla,13.5928,-89.8275,79.77,68,84,10.27,SV,1738728167
104,ust'-ilimsk,58.0006,102.6619,-12.89,82,51,9.22,RU,1738728167
105,lospalos,-8.5186,127.0025,85.78,62,100,7.2,TL,1738728167
106,anadyr,64.75,177.4833,-25.01,74,0,11.18,RU,1738728167
107,gilgit,35.9221,74.3087,24.91,46,10,5.75,PK,1738728167
108,deqen,29.9618,90.7188,46.9,7,4,17.27,CN,1738728167
109,okondja,-0.6549,13.6753,73.51,90,99,3.0,GA,1738728167
110,oranjemund,-28.55,16.4333,61.56,96,80,12.53,NA,1738728167
111,udachny,66.4167,112.4,-18.02,92,100,6.02,RU,1738728167
112,rongelap,11.1635,166.8941,79.9,80,73,21.25,MH,1738728168
113,georgetown,5.4112,100.3354,82.35,54,20,8.05,MY,1738728024
114,dhidhdhoo,6.8833,73.1,81.81,70,2,4.81,MV,1738728168
115,adrar,20.5022,-10.0711,56.16,25,0,9.08,MR,1738728168
116,dudinka,69.4058,86.1778,-23.66,99,56,1.79,RU,1738728168
117,kharan,28.5833,65.4167,51.35,27,0,6.33,PK,1738728168
118,kirakira,-10.4544,161.9205,84.88,72,94,6.08,SB,1738728168
119,tazacorte,28.629,-17.9293,63.57,77,75,11.5,ES,1738728168
120,saint-joseph,-21.3667,55.6167,82.78,76,55,6.06,RE,1738728168
121,utrik,11.2278,169.8474,79.92,82,14,21.43,MH,1738728168
122,sao joao dos patos,-6.495,-43.7022,72.36,65,92,2.71,BR,1738728168
123,kodiak,57.79,-152.4072,32.83,77,10,3.91,US,1738728168
124,jaru,-10.4389,-62.4664,72.03,99,100,2.37,BR,1738728169
125,yanchep,-31.55,115.6833,99.21,28,6,4.5,AU,1738728169
126,krasnozerskoye,53.9828,79.2374,14.04,94,89,8.95,RU,1738728169
127,new norfolk,-42.7826,147.0587,69.71,21,13,4.41,AU,1738728169
128,sao sepe,-30.1606,-53.5653,80.35,61,3,8.12,BR,1738728169
129,sangin,32.0728,64.8359,45.28,38,0,3.91,AF,1738728169
130,qaqortoq,60.7167,-46.0333,-3.3,66,32,13.06,GL,1738728169
131,happy valley-goose bay,53.3168,-60.3315,-0.09,60,40,10.36,CA,1738728011
132,mega,4.05,38.3,56.05,29,100,8.86,ET,1738728169
133,pangody,65.85,74.4859,-4.09,100,92,7.67,RU,1738728169
134,pisco,-13.7,-76.2167,73.45,83,0,11.5,PE,1738728170
135,thompson,55.7435,-97.8558,-3.84,71,0,16.11,CA,1738728170
136,masvingo,-20.0637,30.8277,65.59,77,21,2.57,ZW,1738728170
137,neiafu,-18.65,-173.9833,77.43,90,100,16.24,TO,1738728170
138,priozersk,61.0393,30.1291,13.08,77,100,9.26,RU,1738728170
139,vermillion,42.7794,-96.9292,16.25,32,100,9.75,US,1738728002
140,lompoc,34.6391,-120.4579,55.53,85,100,21.85,US,1738727892
141,itoman,26.1247,127.6694,60.4,50,40,16.11,JP,1738728170
142,danielskuil,-28.1887,23.5395,68.04,56,34,2.21,ZA,1738728170
143,ta`u,-14.2336,-169.5144,83.25,70,21,5.53,AS,1738728170
144,tabou,4.423,-7.3528,78.21,87,34,3.98,CI,1738728170
145,mohammedia,33.7066,-7.3944,48.4,100,0,6.91,MA,1738728117
146,extrema,-22.8547,-46.3183,64.87,94,100,2.73,BR,1738728171
147,severo-yeniseyskiy,60.3725,93.0408,-4.52,96,72,1.74,RU,1738728171
148,khvoynaya,58.9,34.5333,6.1,98,61,1.81,RU,1738728171
149,sungailiat,-1.85,106.1333,78.66,84,100,8.57,ID,1738728171
150,leshan,29.5623,103.7639,46.11,88,100,6.51,CN,1738728171
151,mejit,10.2753,170.8646,80.02,85,58,22.21,MH,1738728171
152,boguchany,58.3814,97.4531,3.25,89,72,3.36,RU,1738728171
153,yanykurgan,43.915,67.2481,31.98,58,100,4.72,KZ,1738728171
154,hohhot,40.8106,111.6522,10.69,40,0,8.95,CN,1738728171
155,tagta,41.6504,59.9164,22.95,93,40,9.22,TM,1738728171
156,warrnambool,-38.3833,142.4833,65.41,63,16,17.02,AU,1738728172
157,avarua,-21.2078,-159.775,77.05,94,100,5.75,CK,1738727940
158,qarauyl,48.9451,79.255,5.81,98,100,7.49,KZ,1738728172
159,sao joao da barra,-21.6403,-41.0511,77.09,83,0,21.16,BR,1738728121
160,amga,60.8953,131.9608,-18.72,89,68,1.92,RU,1738728172
161,petropavlovsk-kamchatsky,53.0452,158.6483,27.19,50,75,4.47,RU,1738728172
162,port-cartier,50.0334,-66.8654,-0.04,75,27,14.5,CA,1738728092
163,saipan,15.1355,145.701,83.64,74,100,11.99,MP,1738728172
164,shuangjiang,26.1547,109.7138,46.27,65,100,3.44,CN,1738728172
165,rakops,-21.0167,24.3333,75.72,52,12,10.31,BW,1738728172
166,lubang,13.8584,120.124,79.3,81,34,18.61,PH,1738728172
167,keflavik,64.0049,-22.5624,30.63,74,75,37.98,IS,1738728172
168,vilyuchinsk,52.9306,158.4028,28.67,78,100,11.25,RU,1738728173
169,sinop,41.7711,34.8709,27.54,95,100,1.43,TR,1738728173
170,turkmenabat,39.0733,63.5786,40.95,55,47,8.5,TM,1738728173
171,ochakiv,46.6128,31.5498,31.51,83,96,12.1,UA,1738727935
172,coronel dorrego,-38.7187,-61.2873,61.5,52,76,13.96,AR,1738728173
173,caleta de carquin,-11.0925,-77.6267,71.28,81,100,7.11,PE,1738728173
174,wagar,16.1525,36.2032,70.09,84,0,5.37,SD,1738728173
175,east ballina,-28.8667,153.5833,76.06,78,100,4.88,AU,1738728173
176,palikir - national government center,6.9248,158.1611,83.93,73,100,5.01,FM,1738728173
177,ghadamis,30.1337,9.5007,47.26,43,94,8.9,LY,1738728174
178,punta arenas,-53.15,-70.9167,44.71,81,0,5.75,CL,1738728171
179,mata-utu,-13.2816,-176.1745,83.55,69,37,2.51,WF,1738728174
180,lensk,60.7253,114.9278,-22.36,91,98,3.24,RU,1738728174
181,minas de marcona,-15.2119,-75.1103,65.79,84,99,7.25,PE,1738728174
182,kununurra,-15.7667,128.7333,94.98,52,76,9.22,AU,1738728174
183,whitehorse,60.7161,-135.0538,-3.19,74,40,2.3,CA,1738728122
184,tolanaro,-25.0319,46.9987,77.07,94,75,18.41,MG,1738728174
185,colares,38.7992,-9.4469,49.78,70,7,6.26,PT,1738728174
186,karratha,-20.7377,116.8463,95.7,48,4,11.27,AU,1738728174
187,arraial do cabo,-22.9661,-42.0278,75.61,89,100,20.78,BR,1738727885
188,dahab,28.501,34.5134,63.1,48,66,15.93,EG,1738728174
189,fort bragg,35.139,-79.006,53.49,87,0,0.0,US,1738728159
190,kruisfontein,-34.0033,24.7314,67.06,83,96,14.83,ZA,1738728175
191,camana,-16.6228,-72.7111,73.29,85,84,5.23,PE,1738728175
192,baykal'sk,51.5058,104.1469,6.87,83,100,16.82,RU,1738728175
193,ust-nera,64.5667,143.2,-31.11,95,55,2.84,RU,1738728175
194,invercargill,-46.4,168.35,71.91,41,100,6.24,NZ,1738728175
195,portland,45.5234,-122.6762,38.44,81,100,3.0,US,1738728005
196,shubarkuduk,49.1447,56.4872,14.45,84,89,15.35,KZ,1738728175
197,inyati,-19.6756,28.8469,61.29,78,69,5.46,ZW,1738728175
198,nuku'alofa,-21.1333,-175.2,75.54,94,100,9.22,TO,1738728175
199,puerto baquerizo moreno,-0.9,-89.6,75.31,89,4,6.93,EC,1738727924
200,nemuro,43.3236,145.575,32.07,70,15,27.56,JP,1738728176
201,kenora,49.8167,-94.4337,-3.03,65,75,4.61,CA,1738728176
202,lulea,65.5842,22.1547,26.67,93,100,23.02,SE,1738728176
203,mount gambier,-37.8333,140.7667,70.07,41,6,15.84,AU,1738728176
204,fort mcmurray,56.7268,-111.381,-8.01,70,100,11.5,CA,1738727941
205,zittau,50.9,14.8333,31.91,80,17,5.64,DE,1738728176
206,berezovyy,51.6667,135.7,5.13,92,100,9.86,RU,1738728176
207,woodstock,43.1334,-80.7497,17.13,86,99,1.01,CA,1738727934
208,yigo village,13.5361,144.8886,85.32,70,94,18.01,GU,1738728176
209,watford city,47.8022,-103.2832,3.06,78,99,11.5,US,1738728176
210,weno,7.4515,151.8468,82.42,67,100,20.18,FM,1738728176
211,kapa'a,22.0752,-159.319,71.92,70,0,12.66,US,1738728049
212,montehermoso,40.0437,-6.3389,38.8,81,34,3.38,ES,1738728177
213,paramonga,-10.6667,-77.8333,71.2,82,100,5.12,PE,1738728177
214,queenstown,-31.8976,26.8753,75.49,42,85,5.7,ZA,1738728033
215,richards bay,-28.783,32.0377,77.23,85,1,15.39,ZA,1738728177
216,phan rang-thap cham,11.5667,108.9833,81.79,49,0,14.65,VN,1738728177
217,jamestown,42.097,-79.2353,19.04,79,100,8.05,US,1738727909
218,dalandzadgad,43.5708,104.425,11.48,36,1,19.17,MN,1738728177
219,agat village,13.3886,144.6585,86.95,81,100,19.57,GU,1738728177
220,sao joao evangelista,-18.5478,-42.7633,63.7,89,0,2.8,BR,1738728177
221,st. john's,47.5649,-52.7093,24.98,77,75,28.77,CA,1738728011
222,nuriootpa,-34.4833,139.0,90.12,20,4,1.34,AU,1738728178
223,aykhal,66.0,111.5,-15.34,94,100,7.94,RU,1738728178
224,christchurch,-43.5333,172.6333,68.95,62,56,12.66,NZ,1738728029
225,fale old settlement,-9.3852,-171.2468,83.59,67,61,10.87,TK,1738728178
226,roccella ionica,38.322,16.4009,52.07,79,99,9.35,IT,1738728178
227,akjoujt,19.6969,-14.4164,61.54,20,0,8.59,MR,1738728178
228,terra rica,-22.7094,-52.6169,71.22,97,100,13.78,BR,1738728178
229,fortuna,40.5982,-124.1573,33.98,97,100,8.05,US,1738728178
230,changling,44.2653,124.0005,1.58,68,1,5.03,CN,1738728178
231,kholmsk,47.0511,142.0569,30.7,88,100,18.99,RU,1738728178
232,lidkoping,58.5052,13.1577,39.42,95,100,17.69,SE,1738728178
233,waddan,29.1614,16.139,50.72,64,91,2.33,LY,1738728179
234,maintirano,-18.0667,44.0167,77.41,91,100,8.99,MG,1738728179
235,yanda bayo,11.5071,10.7459,62.76,14,38,9.71,NG,1738728179
236,san julian,21.0167,-102.1667,60.78,24,13,4.25,MX,1738728179
237,kingston,17.997,-76.7936,79.75,65,20,8.05,JM,1738727905
238,jeddah,21.5169,39.2192,76.86,73,20,3.44,SA,1738728179
239,nantucket,41.2835,-70.0995,28.51,50,0,23.22,US,1738728179
240,salalah,17.0151,54.0924,66.29,24,0,4.61,OM,1738728179
241,treffurt,51.1333,10.2333,27.86,57,71,5.17,DE,1738728179
242,san pedro,14.35,121.0167,85.23,66,75,3.44,PH,1738728179
243,kamenica,50.8333,12.9167,28.08,75,7,6.64,DE,1738728179
244,tura,25.5198,90.2201,75.85,38,2,3.51,IN,1738728179
245,san patricio,28.017,-97.5169,71.55,96,82,9.89,US,1738728179
246,gamay,12.3854,125.2979,79.39,90,57,7.29,PH,1738728180
247,nova sintra,14.8667,-24.7167,70.59,67,54,9.48,CV,1738728180
248,corner brook,48.9667,-57.9484,18.27,93,100,9.55,CA,1738728180
249,eirunepe,-6.6603,-69.8736,73.81,98,100,0.54,BR,1738728180
250,kovancilar,38.7214,39.8681,35.85,64,100,3.09,TR,1738728180
251,lebu,-37.6167,-73.65,57.4,82,3,4.76,CL,1738728180
252,yinchuan,38.4681,106.2731,18.86,46,0,3.85,CN,1738728180
253,prince rupert,54.3161,-130.3201,33.49,32,0,14.97,CA,1738728180
254,castillos,-34.1667,-53.8333,73.72,94,68,4.68,UY,1738728124
255,sanctuary point,-35.1114,150.629,74.41,74,99,15.48,AU,1738728180
256,ixtapa,20.7,-105.2,71.22,62,0,3.22,MX,1738728005
257,badger,64.8,-147.5333,10.36,84,100,3.44,US,1738728181
258,alta sierra,35.7291,-118.5495,46.27,71,91,4.79,US,1738728181
259,decatur,39.8403,-88.9548,30.25,69,100,18.41,US,1738727943
260,east london,-33.0153,27.9116,75.76,85,98,15.19,ZA,1738728133
261,sandorfalva,46.3609,20.0989,31.19,76,27,4.81,HU,1738728181
262,howrah,22.5892,88.3103,73.4,78,20,8.05,IN,1738728181
263,hammerfest,70.6634,23.6821,18.05,73,100,23.02,NO,1738727897
264,bhimunipatnam,17.8833,83.4333,78.31,52,92,4.25,IN,1738728181
265,arkhangel'sk,64.5401,40.5433,8.71,78,100,4.47,RU,1738728181
266,geraldton,-28.7667,114.6,95.41,31,8,10.36,AU,1738728181
267,chulakkurgan,43.765,69.1814,22.28,81,100,2.26,KZ,1738728181
268,vorgashor,67.5833,63.95,-2.65,96,96,7.36,RU,1738728181
269,quiberon,47.4841,-3.1196,46.2,84,83,10.83,FR,1738728181
270,dongola,19.1667,30.4833,64.27,18,0,12.91,SD,1738728182
271,yaren,-0.5472,166.916,80.92,82,82,17.78,NR,1738728182
272,urangan,-25.3,152.9,78.33,74,100,12.62,AU,1738728182
273,uturoa,-16.7333,-151.4333,82.9,70,22,8.34,PF,1738728182
274,newnham,-41.3833,147.1333,74.35,35,20,5.75,AU,1738728182
275,hadibu,12.65,54.0333,71.65,68,33,12.48,YE,1738728182
276,ornskoldsvik,63.2909,18.7153,34.75,100,100,17.27,SE,1738728182
277,port maria,18.3685,-76.8895,76.86,83,93,15.66,JM,1738728182
278,saryozek,44.3583,77.9753,12.16,71,100,2.95,KZ,1738728182
279,brandon,27.9378,-82.2859,65.1,91,0,3.44,US,1738728182
280,norilsk,69.3535,88.2027,-15.92,91,83,4.76,RU,1738728182
281,tayshet,55.9342,98.0044,5.07,91,100,12.35,RU,1738728183
282,coquimbo,-29.9533,-71.3436,62.33,88,0,4.61,CL,1738728070
283,ulladulla,-35.35,150.4667,74.16,73,88,13.44,AU,1738728183
284,saint-felix-de-valois,46.1668,-73.4324,0.5,81,6,7.96,CA,1738728183
285,adamovka,51.5223,59.9396,16.39,83,100,14.65,RU,1738728183
286,sabratah,32.7933,12.4885,53.55,79,70,7.11,LY,1738728183
287,alamogordo,32.8995,-105.9603,62.44,19,20,6.91,US,1738728183
288,syumsi,57.1111,51.6149,18.93,94,100,6.17,RU,1738728183
289,puerto leguizamo,-0.1934,-74.7819,79.38,61,70,1.72,CO,1738728183
290,sandnessjoen,66.0217,12.6316,31.59,92,100,20.15,NO,1738728183
291,ocean city,39.2776,-74.5746,32.11,68,2,9.98,US,1738728183
292,qujing,25.4833,103.7833,48.16,73,100,8.14,CN,1738728184
293,deoli,25.75,75.3833,62.89,34,0,6.53,IN,1738728184
294,prince george,53.9166,-122.753,-6.36,84,0,5.75,CA,1738727921
295,walvis bay,-22.9575,14.5053,66.67,82,99,3.06,NA,1738728184
296,lodja,-3.4833,23.4333,72.16,88,100,2.28,CD,1738728184
297,as sulayyil,20.4607,45.5779,52.92,22,36,6.8,SA,1738728184
298,kaa-khem,51.6833,94.7333,-2.97,97,100,2.06,RU,1738728184
299,djenne,13.9061,-4.5533,70.34,16,100,9.17,ML,1738728184
300,thanh hoa,19.8,105.7667,64.65,60,100,2.59,VN,1738728026
301,muroto-misakicho,33.2833,134.15,41.31,54,84,23.85,JP,1738728184
302,belo jardim,-8.3356,-36.4242,68.97,90,100,6.06,BR,1738728009
303,launceston,-41.45,147.1667,74.84,35,20,5.75,AU,1738728184
304,kill devil hills,36.0307,-75.676,46.98,86,0,6.91,US,1738728184
305,cabo san lucas,22.8909,-109.9124,68.31,59,0,4.61,MX,1738728001
306,tarasovskiy,48.7292,40.3636,19.42,93,54,7.43,RU,1738728185
307,hermanus,-34.4187,19.2345,62.8,89,49,12.3,ZA,1738728185
308,cockburn town,21.4612,-71.1419,76.53,74,11,17.63,TC,1738727919
309,susuman,62.7833,148.1667,-33.11,91,55,2.01,RU,1738728185
310,mar del plata,-38.0023,-57.5575,68.85,57,0,12.66,AR,1738728079
311,nambucca heads,-30.65,153.0,79.05,71,88,13.24,AU,1738728185
312,afaahiti,-17.75,-149.2833,79.54,77,33,8.77,PF,1738728185
313,qarshi,38.8667,65.8,31.82,80,72,6.91,UZ,1738727945
314,selfoss,63.9331,-20.9971,31.05,80,100,30.58,IS,1738728185
315,pimentel,-6.8367,-79.9342,73.69,78,20,17.27,PE,1738728185
316,spas-klepiki,55.1347,40.1767,29.08,88,100,12.68,RU,1738728185
317,zima,53.9202,102.0442,5.61,87,100,17.92,RU,1738728186
318,mosfellsbaer,64.1667,-21.7,31.75,62,100,34.52,IS,1738728186
319,san antonio de pale,-1.4014,5.6325,81.43,79,100,9.62,GQ,1738728069
320,susaki,33.3667,133.2833,39.36,54,88,13.89,JP,1738728186
321,athens,37.9795,23.7162,46.18,67,40,8.99,GR,1738728027
322,borinskoye,52.4569,39.3713,29.17,86,100,16.75,RU,1738728186
323,palanga,55.9175,21.0686,35.62,87,75,3.44,LT,1738728186
324,miyako,39.6367,141.9525,31.59,52,39,19.39,JP,1738728186
325,n'zeto,-7.2312,12.8666,79.5,87,100,6.06,AO,1738728186
326,sarkand,45.41,79.9186,20.19,75,0,3.11,KZ,1738728186
327,santiago de cao,-7.9589,-79.2392,68.13,88,75,8.05,PE,1738728187
328,sal rei,16.1833,-22.9167,68.85,66,22,21.43,CV,1738728187
329,sosnovka,56.255,51.2842,20.41,91,100,6.06,RU,1738728187
330,yuzhno-kurilsk,44.0306,145.8556,31.08,73,4,16.78,RU,1738728187
331,guanica,17.9716,-66.908,75.85,48,0,3.8,PR,1738728187
332,wakema,16.6,95.1833,83.71,43,3,7.31,MM,1738728187
333,new plymouth,-39.0667,174.0833,70.32,100,97,12.8,NZ,1738728187
334,codrington,-38.2667,141.9667,67.05,52,23,18.75,AU,1738728187
335,nikolayevsk-on-amure,53.1406,140.73,21.92,94,100,15.21,RU,1738728187
336,songkhla,6.8333,100.6667,84.6,54,69,8.86,TH,1738728187
337,sola,-13.8833,167.55,88.47,74,40,5.75,VU,1738728188
338,sao gabriel da cachoeira,-0.1303,-67.0892,73.04,98,99,2.01,BR,1738728188
339,ancud,-41.8697,-73.8203,54.79,79,34,0.25,CL,1738728009
340,niafunke,15.9322,-3.9906,70.79,15,100,9.66,ML,1738728188
341,qusmuryn,52.4503,64.6311,14.07,88,100,8.55,KZ,1738728188
342,parintins,-2.6283,-56.7358,74.61,98,99,1.97,BR,1738728188
343,manta,-0.95,-80.7333,80.38,74,75,5.75,EC,1738728167
344,jining,35.405,116.5814,35.15,14,1,15.08,CN,1738728188
345,byron bay,-28.65,153.6167,75.13,84,100,1.86,AU,1738728188
346,dunedin,-45.8742,170.5036,64.35,70,97,6.24,NZ,1738728016
347,kitimat,54.0524,-128.6534,11.08,78,0,6.58,CA,1738728189
348,biltine,14.5333,20.9167,69.06,19,0,10.69,TD,1738728189
349,tak,16.5833,98.8333,80.78,54,0,3.85,TH,1738728022
350,zeya,53.75,127.2667,-3.24,75,29,5.91,RU,1738728189
351,singkil,-7.9855,111.4161,80.35,82,100,5.57,ID,1738728189
352,portales,34.1862,-103.3344,49.19,70,72,15.82,US,1738728004
353,dolinsk,47.35,142.8,28.76,97,100,20.89,RU,1738728189
354,porto novo,6.4965,2.6036,82.22,84,56,4.12,BJ,1738728189
355,alpine,32.835,-116.7664,49.68,85,0,1.5,US,1738728189
356,namibe,-15.1961,12.1522,74.73,84,100,3.44,AO,1738728189
357,dehloran,32.6941,47.2679,55.49,24,14,9.15,IR,1738728190
358,bengkulu,-3.8004,102.2655,79.48,77,100,4.94,ID,1738728190
359,taoudenni,22.6783,-3.9836,57.72,26,0,11.72,ML,1738728190
360,port saint john's,-31.6229,29.5448,77.76,88,85,10.11,ZA,1738728190
361,muang phonsavan,19.45,103.2167,73.62,47,53,3.91,LA,1738728190
362,novodvinsk,64.4165,40.8122,8.35,99,82,3.11,RU,1738728190
363,tarawa,1.419,172.984,87.89,66,20,14.97,KI,1738728190
364,kurumkan,54.3,110.3,-10.05,81,61,2.15,RU,1738728190
365,lata,40.1629,-8.3327,39.7,83,12,3.94,PT,1738728191
366,yavas,54.4159,42.8491,26.44,94,100,10.29,RU,1738728191
367,tofol,5.3248,163.0078,76.78,94,100,10.36,FM,1738728191
368,margate,51.3813,1.3862,41.7,89,10,13.47,GB,1738727704
369,nishinoomote,30.7333,131.0,39.76,100,75,16.11,JP,1738728191
370,dumra,26.5667,85.5167,69.06,34,84,3.02,IN,1738728191
371,yen vinh,18.6667,105.6667,61.72,72,91,3.67,VN,1738728191
372,hithadhoo,-0.6,73.0833,81.88,66,24,10.22,MV,1738728191
373,forster,-32.1667,152.5167,87.39,66,9,16.49,AU,1738728191
374,along,28.1667,94.7667,64.33,47,88,1.59,IN,1738728191
375,bonthe,7.5264,-12.505,73.36,78,100,5.41,SL,1738728191
376,shimanovsk,52.0,127.7,-3.12,83,42,9.53,RU,1738728191
377,penzance,50.1186,-5.5371,45.28,75,26,13.33,GB,1738728192
378,pont rouge,48.8833,-72.0825,-8.9,84,99,9.66,CA,1738728192
379,noumea,-22.2763,166.4572,81.0,99,95,10.96,NC,1738728192
380,auburn,47.3073,-122.2284,37.24,85,75,9.22,US,1738728192
381,rawai,7.7797,98.3253,80.19,74,28,19.42,TH,1738728192
382,kailua-kona,19.6406,-155.9956,78.76,68,40,14.97,US,1738728192
383,campobello di mazara,37.6358,12.7443,51.85,95,4,3.0,IT,1738728192
384,saint croix,17.7397,-64.7388,73.96,88,8,1.01,VI,1738728192
385,egilsstadir,65.2653,-14.3948,28.31,69,0,16.11,IS,1738728192
386,kuruman,-27.4524,23.4325,73.71,39,53,5.06,ZA,1738728192
387,wanning,18.8003,110.3967,67.66,75,100,6.11,CN,1738728192
388,hepo,23.4308,115.8299,68.45,33,4,0.85,CN,1738728192
389,mancio lima,-7.6142,-72.8958,72.25,99,93,0.78,BR,1738728192
390,viedma,-40.8135,-62.9967,63.88,53,71,14.47,AR,1738728193
391,peniche,39.3558,-9.3811,44.2,92,12,6.58,PT,1738728193
392,batticaloa,7.7102,81.6924,81.32,72,71,8.21,LK,1738728193
393,kasese,0.1833,30.0833,69.26,52,100,3.31,UG,1738728193
394,muromtsevo,56.3724,75.2418,24.58,96,100,5.01,RU,1738728193
395,tionk essil,12.7856,-16.5217,68.61,14,100,9.86,SN,1738728193
396,mossel bay,-34.1831,22.146,65.79,85,6,12.21,ZA,1738728028
397,ariquemes,-9.9133,-63.0408,72.9,97,100,1.21,BR,1738728056
398,reggane,26.7158,0.1714,54.75,28,0,12.71,DZ,1738728193
399,ouadda,8.0777,22.4007,70.9,28,79,3.78,CF,1738728193
400,lame,10.4415,9.2396,61.86,15,21,1.99,NG,1738728193
401,vilhena,-12.7406,-60.1458,70.09,97,99,3.22,BR,1738728002
402,al bardiyah,31.7561,25.0865,56.34,77,52,14.56,LY,1738728193
403,tamale,9.4008,-0.8393,76.98,19,21,6.71,GH,1738728194
404,tyumentsevo,53.3224,81.498,8.47,96,79,8.95,RU,1738728194
405,mount pearl,47.5166,-52.7813,24.15,82,75,28.77,CA,1738728194
406,mount isa,-20.7333,139.5,91.17,49,100,9.22,AU,1738728194
407,san felipe,10.3399,-68.7425,71.17,93,77,5.93,VE,1738728194
408,siguiri,11.6667,-9.5,70.83,19,98,4.63,GN,1738728194
409,tinogasta,-28.0632,-67.5649,82.74,43,75,5.44,AR,1738728003
410,tonkino,57.3726,46.4629,25.18,93,100,11.25,RU,1738728194
411,nouadhibou,20.931,-17.0347,60.78,72,0,19.57,MR,1738728194
412,rosetta,31.4044,30.4164,60.46,75,41,17.18,EG,1738728195
413,jabat,7.75,168.9751,80.56,84,77,23.62,MH,1738728195
414,kone,-21.0595,164.8658,83.34,76,89,4.07,NC,1738728195
415,ostersund,63.1792,14.6357,37.85,85,100,12.66,SE,1738728195
416,karaton,-6.3424,106.1045,86.32,57,98,9.64,ID,1738728195
417,singaraja,-8.112,115.0882,84.09,74,99,5.86,ID,1738728195
418,kuta,-8.7233,115.1723,89.55,79,20,3.44,ID,1738728195
419,chengde,40.9725,117.9361,18.09,25,2,15.97,CN,1738728195
420,khlong luang,14.0647,100.6458,90.99,72,1,8.43,TH,1738728061
421,nsanje,-16.92,35.262,70.99,94,100,0.89,MW,1738728195
422,pacific grove,36.6177,-121.9166,51.91,95,100,11.01,US,1738728195
423,port macquarie,-31.4333,152.9167,82.08,68,34,11.99,AU,1738728195
424,mana,5.6592,-53.7767,76.82,89,100,8.03,GF,1738728196
425,chernyshevskiy,63.0128,112.4714,-30.82,95,63,2.93,RU,1738728196
426,ovalle,-30.5983,-71.2003,72.3,45,0,3.06,CL,1738728149
427,laguna,38.421,-121.4238,54.05,92,100,17.27,US,1738728196
428,khamis mushait,18.3064,42.7292,52.84,62,0,5.75,SA,1738728005
429,san antonio,29.4241,-98.4936,73.15,76,0,10.36,US,1738727812
430,kannus,63.9,23.9,23.43,88,100,16.04,FI,1738728196
431,luderitz,-26.6481,15.1594,64.8,64,74,15.61,NA,1738728196
432,santo antonio do ica,-3.1022,-67.9397,73.72,99,99,2.33,BR,1738728196
433,ketchikan,55.3422,-131.6461,33.78,18,0,8.05,US,1738728196
434,paracuru,-3.41,-39.0306,77.77,83,60,10.22,BR,1738728196
435,quesnel,52.9999,-122.5029,-7.1,77,0,0.0,CA,1738728197
436,monchegorsk,67.9397,32.8739,-4.4,99,100,13.85,RU,1738728197
437,aasiaat,68.7098,-52.8699,-8.41,97,100,5.53,GL,1738728197
438,luorong,24.4058,109.6086,53.74,56,100,4.85,CN,1738728197
439,sopela,43.3789,-2.9831,39.81,100,31,4.61,ES,1738728197
440,crane,31.3974,-102.3501,67.87,67,21,20.71,US,1738728197
441,morondava,-20.2833,44.2833,81.27,83,99,9.78,MG,1738728197
442,kemin,42.7846,75.6892,28.24,62,90,3.96,KG,1738728197
443,khandyga,62.6667,135.6,-24.3,85,31,1.21,RU,1738728197
444,camacupa,-12.0167,17.4833,62.26,95,100,2.89,AO,1738728197
445,robbah,33.2797,6.9098,44.24,53,7,6.67,DZ,1738728197
446,manismata,-2.4667,111.0333,85.62,64,98,5.97,ID,1738728198
447,oituz,46.2,26.6167,28.76,73,85,3.22,RO,1738728198
448,dapa,9.7594,126.0531,80.42,79,100,7.25,PH,1738728198
449,westport,41.1415,-73.3579,31.01,57,18,3.0,US,1738727999
450,burang,30.25,81.1667,16.92,74,100,7.11,CN,1738728198
451,baiti,13.745,-14.7482,68.31,11,100,10.29,SN,1738728198
452,muli,2.9167,73.5667,81.79,61,7,13.47,MV,1738728198
453,barra de santo antonio,-9.4047,-35.5072,79.03,77,100,9.08,BR,1738728198
454,bandarbeyla,9.4942,50.8122,70.61,72,43,16.82,SO,1738728198
455,eilat,29.5581,34.9482,57.04,67,51,4.61,IL,1738728198
456,canutama,-6.5339,-64.3831,73.69,98,100,2.59,BR,1738728198
457,la sarre,48.8002,-79.1996,-16.46,100,92,4.45,CA,1738728198
458,minas de matahambre,22.5887,-83.9447,68.4,84,100,6.96,CU,1738728198
459,turpan,42.9333,89.1667,34.16,30,2,2.73,CN,1738728199
460,benjamin aceval,-24.9667,-57.5667,77.9,70,5,4.16,PY,1738728199
461,revda,56.801,59.9303,4.41,100,93,3.56,RU,1738728199
462,naifaru,5.4444,73.3657,81.36,68,15,8.21,MV,1738728199
463,tannum sands,-23.9504,151.3693,78.75,83,75,5.75,AU,1738728199
464,ribeira brava,32.65,-17.0667,63.23,88,21,4.45,PT,1738728199
465,boke,10.9409,-14.2967,69.64,19,98,5.35,GN,1738728028
466,markaz-e hukumat-e darweshan,31.1323,64.1934,48.54,28,0,3.04,AF,1738728199
467,sur,22.5667,59.5289,67.75,53,0,2.48,OM,1738728199
468,tabuk,17.4189,121.4443,65.48,94,100,8.93,PH,1738728003
469,bom jardim,-7.7958,-35.5872,72.18,88,100,4.68,BR,1738728199
470,klaksvik,62.2266,-6.589,40.66,60,34,31.05,FO,1738728199
471,tignieu,45.7356,5.1805,32.13,89,100,8.05,FR,1738728200
472,vila velha,-20.3297,-40.2925,78.75,78,40,6.91,BR,1738728040
473,ascension,30.2169,-90.9001,72.09,87,100,3.44,US,1738728200
474,hasaki,35.7333,140.8333,44.24,25,41,15.3,JP,1738728200
475,faya-largeau,17.9257,19.1043,65.5,14,0,25.14,TD,1738728200
476,shiprock,36.7855,-108.687,53.31,32,8,4.14,US,1738728200
477,kapuskasing,49.4169,-82.4331,-2.11,78,75,9.22,CA,1738728106
478,grand gaube,-20.0064,57.6608,83.37,87,11,5.01,MU,1738728200
479,inhambane,-23.865,35.3833,78.04,74,54,7.78,MZ,1738728200
480,belyy yar,53.6039,91.3903,1.29,100,97,0.0,RU,1738728200
481,taro,-8.3862,115.28,86.52,50,95,2.26,ID,1738728201
482,dabakala,8.3667,-4.4333,74.95,25,40,3.62,CI,1738728201
483,aras-asan,8.8908,126.3033,81.52,72,100,6.78,PH,1738728201
484,labuan,5.2767,115.2417,82.76,83,40,1.14,MY,1738728201
485,harper,4.375,-7.7169,78.8,85,22,3.36,LR,1738728201
486,mananara,-16.1667,49.7667,77.13,87,100,2.57,MG,1738728201
487,buguruslan,53.6554,52.442,14.97,85,100,7.31,RU,1738728201
488,saldanha,-33.0117,17.9442,65.79,82,45,9.28,ZA,1738728143
489,bestobe,52.4994,73.0975,13.08,97,100,4.88,KZ,1738728201
490,juneau,58.3019,-134.4197,24.42,86,20,0.0,US,1738727890
491,jiuquan,39.7432,98.5174,15.85,39,95,2.53,CN,1738728201
492,olinda,-8.0089,-34.8553,80.33,83,75,9.22,BR,1738728202
493,makhambet,47.6667,51.5833,23.13,78,100,10.31,KZ,1738728202
494,moirang,24.5,93.7667,72.91,35,4,1.03,IN,1738728202
495,malvan,16.0667,73.4667,77.86,45,33,4.36,IN,1738728202
496,rocky mount,35.9382,-77.7905,51.96,54,0,9.22,US,1738728202
497,mandali,33.7499,45.5541,53.6,29,12,6.31,IQ,1738728202
498,olenino,56.2092,33.4889,21.4,89,34,5.75,RU,1738728202
499,chilecito,-29.1619,-67.4974,77.92,55,4,1.16,AR,1738728202
500,daru,-9.0763,143.2092,89.55,61,100,7.23,PG,1738728202
501,mugia,43.1041,-9.2179,47.91,88,100,11.34,ES,1738728203
502,chester,40.1254,-75.8749,31.66,59,40,6.91,US,1738728203
503,kyzyl-suu,42.3414,78.0056,25.18,67,11,2.64,KG,1738728203
504,sakon nakhon,17.3333,103.8333,76.55,42,5,7.52,TH,1738728203
505,jwaneng,-24.6004,24.7303,70.9,49,1,9.06,BW,1738728203
506,mancha real,37.7863,-3.6123,40.42,100,0,3.33,ES,1738728203
507,onguday,50.75,86.15,2.77,90,2,3.69,RU,1738728203
508,murun-kuren,49.6342,100.1625,7.79,67,4,18.01,MN,1738728203
509,korla,41.7597,86.1469,21.81,65,91,5.06,CN,1738728203
510,tobol'sk,58.2,68.2667,23.41,99,100,3.56,RU,1738728203
511,skeldon,5.8833,-57.1333,74.73,93,100,5.1,GY,1738728203
512,bondo,3.8146,23.6866,72.72,39,100,2.71,CD,1738728203
513,remire-montjoly,4.9167,-52.2667,75.24,100,100,2.3,GF,1738728204
514,yeongdong,36.175,127.7764,25.38,47,99,11.16,KR,1738728204
515,agapovka,53.2973,59.1348,9.61,96,100,7.18,RU,1738728204
516,quellon,-43.1167,-73.6167,52.41,77,8,3.22,CL,1738728204
517,nassau,40.7507,-73.5829,32.72,56,0,9.22,US,1738728204
518,teculutan,14.9833,-89.7167,73.36,87,54,3.83,GT,1738728204
519,kashgar,39.4547,75.9797,25.81,36,40,4.47,CN,1738728069
520,zainsk,55.3195,52.0694,23.99,85,100,7.45,RU,1738728204
521,banda aceh,5.5577,95.3222,83.82,60,100,9.4,ID,1738728204
522,kalaleh,37.3807,55.4916,33.4,80,0,0.0,IR,1738728204
523,tvoroyri,61.5556,-6.8111,40.66,68,95,32.97,FO,1738728204
524,south hedland,-20.4089,118.5983,94.93,49,13,10.36,AU,1738728204
525,cameron,26.117,-97.5169,71.56,99,100,10.36,US,1738728205
526,richmond,37.5538,-77.4603,45.41,51,20,5.75,US,1738727721
527,miri,4.4148,114.0089,86.14,74,40,5.75,MY,1738728205
528,wellington,-41.2866,174.7756,64.06,63,25,10.36,NZ,1738728008
529,taroudant,30.4703,-8.877,57.15,30,0,8.77,MA,1738728205
530,kendari,-3.945,122.4989,90.95,54,100,2.91,ID,1738728205
531,rio grande,-32.035,-52.0986,75.31,95,5,10.85,BR,1738728205
532,bubaque,11.2833,-15.8333,75.94,47,98,18.52,GW,1738728205
533,lincoln city,44.9582,-124.0179,36.36,96,100,7.0,US,1738728205
534,bandar lampung,-5.4254,105.258,85.24,64,100,5.39,ID,1738728205
535,yarmouth,41.7057,-70.2286,28.45,60,0,10.36,US,1738728205
536,tomatlan,19.9333,-105.25,67.33,53,0,4.18,MX,1738728205
537,kosh-agach,50.0,88.6667,-19.35,97,87,0.94,RU,1738728206
538,zywiec,49.6853,19.1924,32.99,98,53,1.99,PL,1738728206
539,boa vista,2.8197,-60.6733,76.98,73,40,8.05,BR,1738727912
540,dzhambeyty,50.2536,52.595,12.67,85,46,9.89,KZ,1738728206
541,ridgecrest,35.6225,-117.6709,54.01,66,7,34.0,US,1738728206
542,irtyshsk,53.3333,75.4572,22.6,96,100,7.49,KZ,1738728206
543,bo phloi,14.3236,99.5161,87.49,44,1,5.73,TH,1738728206
544,dishna,26.1247,32.476,56.41,56,74,6.51,EG,1738728206
545,mtambile,-5.3833,39.7,78.3,78,100,14.85,TZ,1738728206
546,raduzhnyy,62.0961,77.475,-7.4,100,99,2.95,RU,1738728206
547,boxmeer,51.6467,5.9472,37.45,95,100,12.66,NL,1738728206
548,sebastopol,44.6,33.5333,32.0,51,47,1.01,UA,1738728206
549,lauro de freitas,-12.8944,-38.3272,80.62,74,40,9.22,BR,1738728207
550,kapoeta,4.7717,33.5903,79.52,30,79,20.38,SS,1738728207
551,usogorsk,63.4106,48.6872,22.91,94,100,4.07,RU,1738728207
552,mabaruma,8.2,-59.7833,71.28,99,66,1.21,GY,1738728207
